,Year, DataCards, Deaths, Injured, Missing, Houses Destroyed, Houses Damaged, Victims, Affected, Relocated, Evacuated, Losses $USD, Losses $Local, Education centers, Hospitals, Damages in crops Ha., Lost Cattle, Damages in roads Mts
Albania,1947,5,0,0,0,0,0,0,0,0,0,0,0.0,0,0,0.0,0,0.0
Albania,1954,1,0,0,0,3,0,12,0,0,12,0,0.0,0,0,0.0,22,0.0
Albania,1965,1,0,0,0,0,20,0,0,0,0,0,0.0,2,0,12.0,4803,0.0
Albania,1967,1,0,12,0,0,0,0,0,0,0,0,1000000.0,0,0,200.0,18,0.0
Albania,1971,3,0,0,0,0,0,0,0,0,0,0,0.0,0,0,138.0,0,0.0
Albania,1973,2,1,0,0,0,0,0,0,0,0,0,0.0,0,0,0.0,0,0.0
Albania,1974,4,0,0,0,0,900,0,0,0,0,0,1024708.0,0,0,0.0,24,0.0
Albania,1975,3,0,2,0,0,0,0,0,0,0,0,0.0,0,0,300.0,4,0.0
Albania,1976,4,2,0,0,0,0,0,0,0,0,0,0.0,0,0,2281.0,0,0.0
Albania,1978,5,0,0,0,0,0,0,0,0,0,0,0.0,0,0,1546.0,35,0.0
Albania,1979,9,0,0,0,0,0,0,0,0,0,0,0.0,1,0,5.0,0,0.0
Albania,1980,7,2,0,0,4,0,0,0,0,0,0,0.0,0,0,40.0,0,0.0
Albania,1985,4,0,0,0,0,0,0,40,0,0,0,0.0,0,0,0.0,70,0.0
Albania,1993,1,0,0,0,0,0,0,0,0,0,0,0.0,0,0,0.0,0,0.0
Albania,1994,3,0,3,0,0,175,0,0,0,0,0,0.0,0,0,115.0,0,0.0
Albania,1995,6,3,4,0,17,0,13,0,0,0,0,628550.0,0,0,38.0,35,800.0
Albania,1996,9,2,0,0,41,0,0,0,0,0,0,0.0,0,0,300.0,0,0.0
Albania,1997,6,0,2,0,1,2,5,0,0,0,0,6267030.0,0,0,0.4,0,0.0
Albania,1998,3,0,0,0,0,0,0,0,0,0,0,700000.0,0,0,0.0,0,0.0
Albania,1999,7,0,0,0,15,0,65,0,0,0,0,7008207.0,0,0,0.0,0,0.0
Albania,2000,1,0,0,0,1,0,5,0,0,0,0,310167.0,0,0,0.0,0,0.0
Albania,2001,6,0,0,0,8,0,1961,0,0,0,0,4209177.0,0,0,70.0,0,0.0
Albania,2002,5,1,0,0,3,0,14,0,0,0,0,3477540.0,0,0,0.0,0,0.0
Albania,2003,15,0,0,0,10,14,48,2000,0,12,0,19627400.0,1,0,15.0,35,50.0
Albania,2004,30,1,0,0,3,29,115,31448,0,100,0,2031625.0,0,0,2300.0,0,0.0
Albania,2005,15,0,0,0,2,20,11,808,0,0,0,637892224.0,5,0,4338.0,0,0.0
Albania,2006,3,0,0,0,1,6,27,0,0,0,0,1664713.0,0,0,0.0,0,0.0
Albania,2007,2,0,0,0,0,0,60,0,0,60,0,0.0,0,0,0.0,0,0.0
Albania,2008,4,0,0,0,3,6,2,0,0,0,0,2260254.0,0,0,0.0,0,0.0
Albania,2009,4,0,0,0,0,1,5,0,0,5,0,0.0,0,0,0.0,0,0.0
Albania,2010,19,0,0,0,9,29,11,0,0,0,0,27266609.0,1,0,0.0,0,30000.0
Albania,2011,6,0,0,0,2,13,29,0,0,16,0,2759692.0,0,0,0.0,0,0.0
Albania,2012,4,1,0,0,1,0,0,0,0,0,0,3691126.0,0,0,0.0,0,0.0
Albania,2013,1,0,0,0,0,0,0,0,0,0,0,0.0,0,0,0.0,0,0.0
Albania,TOTAL,199,13,23,0,124,1215,2383,34296,0,205,0,721819022.0,10,0,11698.4,5046,30850.0
Antigua and Barbuda,0,0,0,0,0,0,0,0,0,0,0,0,0.0,0,0,0.0,0,
Argentina,0,0,0,0,0,0,0,0,0,0,0,0,0.0,0,0,0.0,0,
Belize,0,0,0,0,0,0,0,0,0,0,0,0,0.0,0,0,0.0,0,
Bhutan,0,0,0,0,0,0,0,0,0,0,0,0,0.0,0,0,0.0,0,
Bolivia,0,0,0,0,0,0,0,0,0,0,0,0,0.0,0,0,0.0,0,
cam,0,0,0,0,0,0,0,0,0,0,0,0,0.0,0,0,0.0,0,
Chile,0,0,0,0,0,0,0,0,0,0,0,0,0.0,0,0,0.0,0,
Colombia,0,0,0,0,0,0,0,0,0,0,0,0,0.0,0,0,0.0,0,
Comoros,0,0,0,0,0,0,0,0,0,0,0,0,0.0,0,0,0.0,0,
Costa Rica,0,0,0,0,0,0,0,0,0,0,0,0,0.0,0,0,0.0,0,
Djibouti,0,0,0,0,0,0,0,0,0,0,0,0,0.0,0,0,0.0,0,
Dominica,0,0,0,0,0,0,0,0,0,0,0,0,0.0,0,0,0.0,0,
Dominican Republic,0,0,0,0,0,0,0,0,0,0,0,0,0.0,0,0,0.0,0,
Ecuador,0,0,0,0,0,0,0,0,0,0,0,0,0.0,0,0,0.0,0,
"Egypt, Arab Rep.",0,0,0,0,0,0,0,0,0,0,0,0,0.0,0,0,0.0,0,
El Salvador,0,0,0,0,0,0,0,0,0,0,0,0,0.0,0,0,0.0,0,
Ethiopia,1996,1,0,0,0,0,0,0,0,0,0,0,0.0,0,0,0.0,0,0.0
Ethiopia,2002,1,0,0,0,0,0,0,2000,0,0,0,0.0,0,0,60.0,0,0.0
Ethiopia,2007,1,0,0,0,0,0,0,1350,0,0,0,0.0,0,0,26.0,100,0.0
Ethiopia,2008,2,0,0,0,0,0,0,550,0,0,0,0.0,0,0,29.0,50,0.0
Ethiopia,TOTAL,5,0,0,0,0,0,0,3900,0,0,0,0.0,0,0,115.0,150,0.0
Grenada,1961,1,0,0,0,0,0,0,0,0,0,0,0.0,0,0,0.0,0,0.0
Grenada,1971,1,0,0,0,0,0,0,0,0,0,0,0.0,0,0,0.0,0,0.0
Grenada,1974,2,0,0,0,0,0,0,0,0,0,0,0.0,0,0,0.0,0,0.0
Grenada,1978,1,0,0,0,0,0,0,0,0,0,0,0.0,0,0,0.0,0,0.0
Grenada,1986,1,0,0,0,0,0,0,0,0,0,0,0.0,0,0,40.5,0,0.0
Grenada,1988,2,0,0,0,0,0,0,0,0,0,0,0.0,0,0,0.0,0,0.0
Grenada,1990,1,0,0,0,0,98,0,1000,0,0,3000000,0.0,0,0,0.0,0,0.0
Grenada,1993,1,0,0,0,0,0,0,0,0,0,0,0.0,0,0,0.0,0,0.0
Grenada,2001,1,0,0,0,0,0,0,0,0,0,0,0.0,0,0,0.0,0,0.0
Grenada,2002,3,0,0,0,1,15,0,0,0,0,0,0.0,0,0,0.0,3,4.9
Grenada,2004,1,0,0,0,0,0,0,0,0,0,0,0.0,0,0,0.0,0,0.0
Grenada,2007,1,0,0,0,0,0,0,0,0,0,0,0.0,0,0,0.0,0,0.0
Grenada,2010,1,0,0,0,0,0,0,0,0,0,0,0.0,0,0,0.0,0,0.0
Grenada,2011,1,0,0,0,0,0,45,0,0,0,290000,775000.0,0,0,0.0,0,0.0
Grenada,2012,1,0,0,0,0,0,0,0,0,0,0,0.0,0,0,0.0,0,0.0
Grenada,TOTAL,19,0,0,0,1,113,45,1000,0,0,3290000,775000.0,0,0,40.5,3,4.9
Guatemala,0,0,0,0,0,0,0,0,0,0,0,0,0.0,0,0,0.0,0,
Guyana,0,0,0,0,0,0,0,0,0,0,0,0,0.0,0,0,0.0,0,
Honduras,0,0,0,0,0,0,0,0,0,0,0,0,0.0,0,0,0.0,0,
Indonesia,0,0,0,0,0,0,0,0,0,0,0,0,0.0,0,0,0.0,0,
"Iran, Islamic Rep.",0,0,0,0,0,0,0,0,0,0,0,0,0.0,0,0,0.0,0,
Jamaica,0,0,0,0,0,0,0,0,0,0,0,0,0.0,0,0,0.0,0,
Jordan,0,0,0,0,0,0,0,0,0,0,0,0,0.0,0,0,0.0,0,
Kenya,2010,1,5,0,4,0,0,0,0,0,0,0,0.0,0,0,0.0,0,0.0
Kenya,TOTAL,1,5,0,4,0,0,0,0,0,0,0,0.0,0,0,0.0,0,0.0
Lao PDR,0,0,0,0,0,0,0,0,0,0,0,0,0.0,0,0,0.0,0,
Lebanon,0,0,0,0,0,0,0,0,0,0,0,0,0.0,0,0,0.0,0,
Madagascar,0,0,0,0,0,0,0,0,0,0,0,0,0.0,0,0,0.0,0,
Maldives,1923,1,0,0,0,0,0,0,0,0,0,0,0.0,0,0,0.0,0,0.0
Maldives,1958,1,0,0,0,0,0,0,0,0,0,0,0.0,0,0,0.0,0,0.0
Maldives,1960,1,0,0,0,0,6,0,0,0,0,0,0.0,0,0,0.0,0,0.0
Maldives,1962,2,0,0,0,0,0,0,0,0,0,0,0.0,0,0,0.0,0,0.0
Maldives,1965,1,0,0,0,0,0,0,0,0,0,0,0.0,0,0,0.0,0,0.0
Maldives,1966,1,0,0,0,0,0,0,0,0,0,0,0.0,0,0,0.0,0,0.0
Maldives,1970,9,0,0,0,0,0,0,0,0,0,0,0.0,0,0,0.0,0,0.0
Maldives,1971,14,0,0,0,0,0,0,0,0,0,0,0.0,0,0,0.0,0,0.0
Maldives,1972,6,0,0,0,0,0,0,0,0,0,0,0.0,0,0,0.0,0,0.0
Maldives,1973,23,0,0,0,0,0,0,0,0,0,0,0.0,0,0,0.0,0,0.0
Maldives,1975,4,0,0,0,0,0,0,0,0,0,0,0.0,0,0,0.0,0,0.0
Maldives,1976,3,0,0,0,0,0,0,0,0,0,0,0.0,0,0,0.0,0,0.0
Maldives,1977,19,0,0,0,0,2,0,0,0,0,0,0.0,0,0,0.0,0,0.0
Maldives,1978,16,0,0,0,0,3,0,0,0,0,0,0.0,0,0,0.0,0,0.0
Maldives,1979,6,0,0,0,0,2,0,0,0,0,0,0.0,0,0,0.0,0,0.0
Maldives,1980,6,0,0,0,0,2,0,0,0,0,0,0.0,0,0,0.0,0,0.0
Maldives,1981,10,0,0,0,0,54,0,0,0,0,0,0.0,0,0,0.0,0,0.0
Maldives,1982,7,0,0,0,0,0,0,0,0,0,0,0.0,0,0,0.0,0,0.0
Maldives,1983,11,0,0,0,0,2,0,0,0,0,0,0.0,0,0,0.0,0,0.0
Maldives,1984,5,0,0,0,0,0,0,0,0,0,0,0.0,0,0,0.0,0,0.0
Maldives,1985,10,0,0,0,0,1,0,0,0,0,0,0.0,0,0,0.0,0,0.0
Maldives,1986,4,0,0,0,0,0,0,0,0,0,0,0.0,0,0,0.0,0,0.0
Maldives,1987,32,0,0,0,1,3,0,0,0,0,0,0.0,0,0,0.0,0,0.0
Maldives,1988,10,0,0,0,0,6,0,0,0,0,0,0.0,0,0,0.0,0,0.0
Maldives,1989,5,0,0,0,1,10,0,0,0,0,0,0.0,0,0,0.0,0,0.0
Maldives,1990,6,0,0,0,0,5,0,0,0,0,0,0.0,0,0,0.0,0,0.0
Maldives,1991,58,0,0,0,0,1549,0,0,0,0,0,0.0,1,0,0.0,0,0.0
Maldives,1992,10,0,0,0,0,6,0,0,0,0,0,0.0,0,0,0.0,0,0.0
Maldives,1993,31,0,1,0,0,41,0,0,0,0,0,0.0,0,0,0.0,0,0.0
Maldives,1994,12,0,0,0,0,99,0,0,0,0,0,0.0,0,0,0.0,0,0.0
Maldives,1995,6,0,0,0,0,0,0,0,0,0,0,0.0,0,0,0.0,0,0.0
Maldives,1996,4,0,0,0,0,8,0,0,0,0,0,0.0,0,0,0.0,0,0.0
Maldives,1997,6,0,0,0,0,1,0,0,0,0,0,0.0,0,0,0.0,0,0.0
Maldives,1998,48,0,0,0,2,134,0,0,0,0,0,0.0,0,0,0.0,0,0.0
Maldives,1999,7,0,0,0,0,8,0,0,0,0,0,0.0,0,0,0.0,0,0.0
Maldives,2000,20,0,0,0,0,352,0,0,0,0,0,0.0,0,0,0.0,0,0.0
Maldives,2001,10,0,0,0,0,26,0,0,0,0,0,0.0,0,0,0.0,0,0.0
Maldives,2002,10,0,0,0,0,54,0,0,0,0,0,0.0,0,0,0.0,0,0.0
Maldives,2003,6,0,0,0,2,2,0,0,0,0,0,0.0,0,0,0.0,0,0.0
Maldives,2004,23,0,0,0,0,45,0,0,0,0,0,0.0,0,0,0.0,0,0.0
Maldives,2005,25,0,5,0,0,63,0,0,0,0,0,0.0,0,0,0.0,0,0.0
Maldives,2006,144,0,5,0,0,366,0,0,0,0,0,61268.35,0,0,0.0,0,0.0
Maldives,2007,164,0,4,0,4,333,0,11,0,44,0,27217.0,1,0,0.0,0,0.0
Maldives,2008,4,0,0,0,0,8,0,0,0,0,0,0.0,0,0,0.0,0,0.0
Maldives,TOTAL,801,0,15,0,10,3191,0,11,0,44,0,88485.35,2,0,0.0,0,0.0
Mali,0,0,0,0,0,0,0,0,0,0,0,0,0.0,0,0,0.0,0,
Mauritius,0,0,0,0,0,0,0,0,0,0,0,0,0.0,0,0,0.0,0,
Mexico,0,0,0,0,0,0,0,0,0,0,0,0,0.0,0,0,0.0,0,
mor,0,0,0,0,0,0,0,0,0,0,0,0,0.0,0,0,0.0,0,
Mozambique,0,0,0,0,0,0,0,0,0,0,0,0,0.0,0,0,0.0,0,
Nepal,1971,2,1,0,0,0,0,0,0,0,0,0,0.0,2,0,0.0,0,0.0
Nepal,1972,3,3,0,0,0,50,0,0,0,0,0,0.0,1,0,0.0,0,0.0
Nepal,1973,2,0,5,0,0,27,0,0,0,0,0,600000.0,0,0,0.0,0,0.0
Nepal,1975,1,2,0,0,0,9,0,0,0,0,0,8500.0,0,0,0.0,10,0.0
Nepal,1976,1,4,0,0,1,0,0,0,0,0,0,0.0,0,0,0.0,0,0.0
Nepal,1977,3,0,11,0,0,50,0,0,0,0,0,0.0,0,0,0.0,0,0.0
Nepal,1978,2,4,2,0,1,1,0,0,0,0,0,14500.0,0,0,0.0,1,0.0
Nepal,1979,2,0,0,0,0,3,0,0,0,0,0,0.0,0,0,0.0,0,0.0
Nepal,1980,4,8,3,0,0,56,0,0,0,0,0,0.0,0,0,0.0,15,0.0
Nepal,1981,1,0,0,0,0,1,0,0,0,0,0,0.0,0,0,0.0,0,0.0
Nepal,1982,1,0,0,0,0,0,0,0,0,0,0,0.0,0,0,0.0,0,0.0
Nepal,1988,8,0,0,0,0,9,0,0,0,0,0,0.0,0,0,0.0,0,0.0
Nepal,1989,2,1,2,0,0,1,0,0,0,0,0,100000.0,1,0,0.0,0,0.0
Nepal,1990,1,0,0,0,2,0,0,0,0,0,0,0.0,0,0,0.0,0,0.0
Nepal,1993,3,1,0,0,1,26,0,0,0,0,0,0.0,0,0,0.0,0,0.0
Nepal,1994,17,1,3,1,303,29,0,197,0,0,0,534280.0,8,0,0.0,1,0.0
Nepal,1997,2,4,0,0,0,0,0,0,0,0,0,0.0,0,0,0.0,0,0.0
Nepal,1998,3,0,101,1,100,0,0,0,0,0,0,0.0,0,0,0.0,0,0.0
Nepal,2000,25,9,2,0,4,156,0,0,0,0,0,6827000.0,0,0,0.0,107,0.0
Nepal,2001,13,6,22,0,300,0,0,0,0,0,0,800000.0,2,0,0.0,0,0.0
Nepal,2002,2,0,3,0,300,32,0,1620,0,0,0,10000000.0,0,0,0.0,23,0.0
Nepal,2003,1,3,0,0,4,22,0,0,0,0,0,0.0,1,0,0.0,0,0.0
Nepal,2004,1,0,0,0,0,4,0,0,0,0,0,0.0,0,0,0.0,0,0.0
Nepal,2005,1,0,0,0,0,0,0,0,0,0,0,0.0,0,0,0.0,0,0.0
Nepal,2006,7,1,12,0,0,1,0,0,0,0,0,1000000.0,0,0,87.0,0,0.0
Nepal,2007,1,2,1,0,1,2,0,0,0,0,0,150000.0,0,0,0.0,200,0.0
Nepal,2008,13,2,116,0,4,86,0,580,0,0,0,2600000.0,1,0,0.0,1,0.0
Nepal,2010,1,0,0,0,1,1,0,0,0,0,0,2000000.0,0,0,0.0,0,0.0
Nepal,TOTAL,123,52,283,2,1022,566,0,2397,0,0,0,24634280.0,16,0,87.0,358,0.0
Nicaragua,0,0,0,0,0,0,0,0,0,0,0,0,0.0,0,0,0.0,0,
Niger,0,0,0,0,0,0,0,0,0,0,0,0,0.0,0,0,0.0,0,
pac,0,0,0,0,0,0,0,0,0,0,0,0,0.0,0,0,0.0,0,
Pakistan,2000,8,143,812,0,31,889,0,6587,0,0,0,0.0,1,0,0.0,0,0.0
Pakistan,2001,13,932,276,0,94,110,0,545018,0,0,0,0.0,6,1,0.0,0,0.0
Pakistan,2002,9,133,133,0,10,101,0,273,0,0,0,0.0,3,0,0.0,0,0.0
Pakistan,2003,16,78,399,0,85,76,0,341869,0,0,0,0.0,13,6,0.0,57,0.0
Pakistan,2004,6,69,79,0,14,853,0,1122,0,0,0,0.0,1,0,0.0,0,0.0
Pakistan,2005,17,233,354,0,178,174,0,18313,0,0,0,0.0,4,2,0.0,19,0.0
Pakistan,2006,13,63,104,0,28,99,0,715,0,0,0,0.0,2,1,0.0,0,0.0
Pakistan,2007,5,9,42,0,67,12,0,6708,0,0,0,0.0,0,0,0.0,4,0.0
Pakistan,2008,10,121,86,4,47,42,0,1195,0,0,0,0.0,2,0,0.0,0,0.0
Pakistan,2009,4,145,28,0,1,15,0,0,0,0,0,0.0,1,1,0.0,0,0.0
Pakistan,2010,2,30,0,0,0,2,0,0,0,0,0,0.0,0,0,0.0,0,0.0
Pakistan,2012,9,23,82,0,0,65,0,0,0,0,0,0.0,2,1,0.0,0,0.0
Pakistan,2013,16,18,214,0,9,51,0,528,0,0,0,0.0,6,2,0.0,19,0.0
Pakistan,2014,10,15,108,0,0,124,0,1875,0,0,0,0.0,6,1,0.0,0,0.0
Pakistan,TOTAL,138,2012,2717,4,564,2613,0,924203,0,0,0,0.0,47,15,0.0,99,0.0
pse,0,0,0,0,0,0,0,0,0,0,0,0,0.0,0,0,0.0,0,
Panama,0,0,0,0,0,0,0,0,0,0,0,0,0.0,0,0,0.0,0,
Paraguay,0,0,0,0,0,0,0,0,0,0,0,0,0.0,0,0,0.0,0,
Peru,0,0,0,0,0,0,0,0,0,0,0,0,0.0,0,0,0.0,0,
St. Kitts and Nevis,0,0,0,0,0,0,0,0,0,0,0,0,0.0,0,0,0.0,0,
St. Lucia,1894,1,0,0,0,0,0,0,0,0,0,0,0.0,0,0,0.0,0,0.0
St. Lucia,1986,1,2,0,0,0,0,0,0,0,0,8500000,0.0,0,0,0.0,0,0.0
St. Lucia,1987,1,0,0,0,0,0,0,0,0,0,0,0.0,0,0,0.0,0,0.0
St. Lucia,1988,3,0,0,0,2,0,0,0,0,0,2500000,1000000.0,0,0,0.0,0,0.0
St. Lucia,1990,2,0,0,0,0,0,0,0,0,0,0,100000.0,0,0,0.0,0,0.0
St. Lucia,1994,5,4,24,6,300,0,5985,750,0,600,100923000,273791000.0,5,1,0.0,0,0.0
St. Lucia,1995,7,1,0,0,1,1,8,0,0,150,0,0.0,0,0,0.0,0,0.0
St. Lucia,2001,2,0,0,0,0,0,0,0,0,0,0,0.0,0,0,0.0,0,0.0
St. Lucia,2002,2,0,0,0,0,0,0,0,0,125,7624000,20300000.0,0,0,1619.0,0,0.0
St. Lucia,2008,6,0,0,0,8,0,0,0,0,0,2359000,6250000.0,3,1,0.0,0,0.0
St. Lucia,2011,2,0,0,0,0,3,24,0,0,0,0,0.0,0,0,0.0,0,0.0
St. Lucia,2012,1,0,0,0,0,0,0,0,0,0,0,0.0,0,0,0.0,0,0.0
St. Lucia,TOTAL,33,7,24,6,311,4,6017,750,0,875,121906000,301441000.0,8,2,1619.0,0,0.0
St. Vincent and the Grenadines,1897,1,3,0,0,0,0,80,0,0,0,0,0.0,0,0,0.0,0,0.0
St. Vincent and the Grenadines,1901,1,0,0,0,0,0,0,0,0,0,0,0.0,0,0,0.0,0,0.0
St. Vincent and the Grenadines,1986,9,0,7,0,147,466,304,0,0,142,24300000,21000000.0,0,0,830.0,120,0.0
St. Vincent and the Grenadines,1987,7,0,0,0,36,238,208,0,0,680,5206250,12700000.0,0,0,1548.0,0,0.0
St. Vincent and the Grenadines,1999,1,0,0,0,0,0,0,0,0,0,0,0.0,1,0,0.0,0,0.0
St. Vincent and the Grenadines,2001,2,0,0,0,0,0,0,0,0,0,0,0.0,0,0,0.0,0,0.0
St. Vincent and the Grenadines,2002,8,0,4,0,24,640,178,10000,0,678,15100000,0.0,7,0,0.0,0,0.0
St. Vincent and the Grenadines,2004,1,0,0,0,1,14,0,0,0,0,128000,342000.0,0,0,0.0,0,0.0
St. Vincent and the Grenadines,2007,1,0,0,0,0,0,0,0,0,0,0,0.0,0,0,0.0,0,0.0
St. Vincent and the Grenadines,2012,1,0,0,0,0,0,0,0,0,0,0,0.0,0,0,0.0,0,0.0
St. Vincent and the Grenadines,TOTAL,32,3,11,0,208,1358,770,10000,0,1500,44734250,34042000.0,8,0,2378.0,120,0.0
Senegal,0,0,0,0,0,0,0,0,0,0,0,0,0.0,0,0,0.0,0,
Serbia,0,0,0,0,0,0,0,0,0,0,0,0,0.0,0,0,0.0,0,
Seychelles,0,0,0,0,0,0,0,0,0,0,0,0,0.0,0,0,0.0,0,
Sierra Leone,0,0,0,0,0,0,0,0,0,0,0,0,0.0,0,0,0.0,0,
Spain,0,0,0,0,0,0,0,0,0,0,0,0,0.0,0,0,0.0,0,
Sri Lanka,2007,2,0,0,0,0,1,0,7,0,0,0,0.0,0,0,0.0,0,0.0
Sri Lanka,2012,2,0,0,0,2,32,0,0,0,0,0,0.0,0,0,0.0,0,0.0
Sri Lanka,TOTAL,4,0,0,0,2,33,0,7,0,0,0,0.0,0,0,0.0,0,0.0
Syrian Arab Republic,1988,1,0,0,0,0,0,45,270,0,0,0,70000000.0,0,0,400.0,0,0.0
Syrian Arab Republic,1995,1,6,0,0,0,0,0,30,0,0,0,0.0,0,0,0.0,0,0.0
Syrian Arab Republic,1996,7,3,5,0,15,12,8,0,0,0,0,0.0,0,0,344.0,66,0.0
Syrian Arab Republic,2006,1,0,0,0,0,6,0,24,0,0,0,0.0,0,0,0.0,0,0.0
Syrian Arab Republic,2007,1,0,0,0,0,0,40,240,0,0,0,3000000.0,0,0,100.0,0,0.0
Syrian Arab Republic,TOTAL,11,9,5,0,15,18,93,564,0,0,0,73000000.0,0,0,844.0,66,0.0
019,1970,5,9,0,0,7,0,0,0,0,0,0,0.0,2,0,0.0,0,0.0
019,1971,8,2,0,0,10,0,0,0,0,0,0,10000.0,2,0,0.0,0,0.0
019,1972,1,0,0,0,4,15,0,0,0,0,0,0.0,2,0,0.0,0,0.0
019,1973,2,0,0,0,0,0,0,0,0,0,0,0.0,0,0,0.0,0,0.0
019,1974,3,4,18,0,0,0,0,0,0,0,0,0.0,0,0,0.0,0,0.0
019,1975,2,1,2,0,0,0,0,0,0,0,0,0.0,0,0,0.0,24,0.0
019,1976,4,4,0,0,0,0,0,11,0,0,0,0.0,0,0,0.0,6,0.0
019,1977,8,5,1,0,2,5,0,0,0,0,0,0.0,0,0,0.0,160,0.0
019,1978,7,2,2,0,0,205,0,0,0,0,0,90000.0,0,0,0.0,0,0.0
019,1979,4,4,26,0,0,0,0,0,0,0,0,0.0,0,0,0.0,0,0.0
019,1980,11,0,16,0,40,70,0,12,0,0,0,0.0,3,0,0.0,0,0.0
019,1981,8,9,42,0,34,618,0,3481,0,0,0,0.0,5,0,0.0,4,0.0
019,1982,1,0,1,0,0,0,0,0,0,0,0,0.0,0,0,0.0,3,0.0
019,1983,5,4,25,0,0,0,0,0,0,0,0,0.0,15,0,0.0,0,0.0
019,1984,2,2,3,0,0,0,0,0,0,0,0,0.0,2,0,0.0,0,0.0
019,1985,22,22,24,5,700,0,0,2862,0,0,0,0.0,0,0,0.0,0,0.0
019,1986,10,7,89,0,0,300,0,415,0,0,0,0.0,2,0,0.0,0,0.0
019,1987,3,4,33,0,150,0,0,0,0,0,0,0.0,0,0,0.0,5,0.0
019,1988,6,9,6,0,300,3300,0,10000,0,0,0,0.0,0,0,6000.0,57,0.0
019,1989,10,15,67,0,600,2000,0,0,0,0,0,0.0,17,0,0.0,0,0.0
019,1990,2,0,0,0,0,0,0,0,0,0,0,1200000.0,0,0,0.0,0,0.0
019,1992,5,3,3,6,0,0,0,0,0,0,0,200000.0,2,0,0.0,24,0.0
019,1993,4,5,62,0,15,3,0,50,0,0,0,200000.0,2,0,0.0,3,0.0
019,1995,5,10,7,0,0,0,0,0,0,0,0,400000000.0,0,0,0.0,0,0.0
019,1996,4,4,4,0,0,55,0,1224,0,0,0,0.0,0,0,1200.0,0,0.0
019,1997,5,8,0,0,90,0,0,0,0,0,0,21800000.0,0,0,0.0,0,0.0
019,1998,5,2,6,0,60,240,0,0,0,0,0,9000000.0,20,0,0.0,0,0.0
019,2000,2,3,0,0,300,0,0,0,0,0,0,0.0,0,0,0.0,0,0.0
019,2001,4,8,10,0,0,0,0,0,0,0,0,0.0,0,0,0.0,0,0.0
019,2002,6,7,86,0,0,0,0,10,0,0,0,1025000.0,0,0,0.0,0,0.0
019,2007,1,1,0,0,0,0,0,1,0,0,0,0.0,0,0,0.0,0,0.0
019,TOTAL,165,154,533,11,2312,6811,0,18066,0,0,0,433525000.0,74,0,7200.0,286,0.0
033,2003,1,3,0,0,0,0,0,0,0,0,0,0.0,0,0,0.0,0,0.0
033,2004,1,0,0,0,0,0,0,0,0,0,0,0.0,0,0,0.0,0,0.0
033,TOTAL,2,3,0,0,0,0,0,0,0,0,0,0.0,0,0,0.0,0,0.0
etm,0,0,0,0,0,0,0,0,0,0,0,0,0.0,0,0,0.0,0,
Togo,0,0,0,0,0,0,0,0,0,0,0,0,0.0,0,0,0.0,0,
Trinidad and Tobago,1966,3,0,2,0,0,15,2,2,0,0,1750,3500.0,0,0,0.0,0,0.0
Trinidad and Tobago,1968,2,0,0,0,0,2,0,0,0,0,0,0.0,0,0,0.0,0,0.0
Trinidad and Tobago,1969,1,0,0,0,0,0,8,8,0,0,0,0.0,0,0,0.0,0,0.0
Trinidad and Tobago,1974,3,2,0,0,0,0,2,0,0,0,2717391,5000000.0,0,0,0.0,0,0.0
Trinidad and Tobago,1975,6,1,0,0,0,8,6,7,0,0,160,400.0,0,0,0.0,0,0.0
Trinidad and Tobago,1976,5,0,0,0,2,11,54,0,0,0,1232000,3080000.0,0,0,0.0,0,0.0
Trinidad and Tobago,1977,1,1,0,0,0,0,0,14000,0,0,400000,1000000.0,0,0,0.0,0,0.0
Trinidad and Tobago,1978,1,0,0,0,0,0,0,0,0,0,200000,500000.0,0,0,0.0,0,0.0
Trinidad and Tobago,1979,2,0,0,0,0,10,0,0,0,0,0,0.0,0,0,0.0,0,0.0
Trinidad and Tobago,1980,2,0,0,0,1,17,0,0,0,0,0,0.0,0,0,0.0,0,0.0
Trinidad and Tobago,1981,4,0,0,0,0,0,0,60,0,0,85,0.0,0,0,0.0,0,0.0
Trinidad and Tobago,1987,3,0,0,0,0,0,0,0,0,0,333,0.0,0,0,0.0,0,0.0
Trinidad and Tobago,1990,2,0,0,0,0,0,0,0,0,0,840,0.0,0,0,0.0,0,0.0
Trinidad and Tobago,1991,1,0,0,0,0,0,0,0,0,0,0,0.0,0,0,0.0,0,0.0
Trinidad and Tobago,1992,2,0,0,0,0,0,0,0,0,0,16,0.0,0,0,0.0,0,0.0
Trinidad and Tobago,1993,1,0,0,0,0,0,0,100,0,0,600000,4.0,0,0,14000.0,0,0.0
Trinidad and Tobago,1996,2,0,0,0,0,0,0,0,0,0,0,0.0,0,0,0.0,0,0.0
Trinidad and Tobago,1997,5,0,0,0,0,26,0,0,0,0,19857,125000.0,0,0,0.0,0,0.0
Trinidad and Tobago,1998,3,0,0,0,0,0,0,8,0,0,4763,30000.0,0,0,0.0,0,0.0
Trinidad and Tobago,1999,1,0,0,0,0,0,0,0,0,0,0,0.0,0,0,0.0,0,0.0
Trinidad and Tobago,2000,2,0,0,0,15,26,0,0,0,0,0,0.0,0,0,0.0,0,0.0
Trinidad and Tobago,TOTAL,52,4,2,0,18,115,72,14185,0,0,5177195,9738904.0,0,0,14000.0,0,0.0
Tunisia,0,0,0,0,0,0,0,0,0,0,0,0,0.0,0,0,0.0,0,
Turkey,0,0,0,0,0,0,0,0,0,0,0,0,0.0,0,0,0.0,0,
Uganda,1997,1,58,0,0,0,0,0,0,0,0,0,0.0,0,0,0.0,0,0.0
Uganda,2002,2,2,0,0,0,0,0,0,0,0,0,0.0,7,0,0.0,0,0.0
Uganda,2003,1,0,0,0,1,0,0,1279,0,0,0,0.0,1,0,0.0,0,0.0
Uganda,2005,11,1,32,2,112,800,0,92,0,0,0,0.0,0,0,0.0,0,0.0
Uganda,2006,1,0,0,0,25,0,0,120,0,0,0,0.0,0,0,0.0,0,0.0
Uganda,2008,3,3,0,0,0,550,0,460,0,0,0,0.0,0,0,0.0,0,0.0
Uganda,2009,23,8,70,0,190,420,500,4007,0,0,0,0.0,15,0,0.0,0,0.0
Uganda,2010,24,0,0,0,145,16,0,377398,0,0,0,0.0,5,0,240.24,0,0.0
Uganda,2011,61,0,42,0,582,109,0,4354,0,0,0,0.0,11,0,152.35999999999999,0,0.0
Uganda,2012,4,0,30,0,0,19,0,0,0,0,0,0.0,2,0,0.0,0,0.0
Uganda,TOTAL,131,72,174,2,1055,1914,500,387710,0,0,0,0.0,41,0,392.6,0,0.0
Uruguay,0,0,0,0,0,0,0,0,0,0,0,0,0.0,0,0,0.0,0,
005,2003,2,2,0,0,0,0,0,0,0,0,0,0.0,0,0,0.0,0,0.0
005,2004,7,0,0,0,0,10,0,0,0,0,0,0.0,2,0,0.0,19,0.0
005,2005,1,3,1,0,0,0,0,0,0,0,0,0.0,0,0,0.0,0,0.0
005,2006,1,0,0,0,0,0,0,0,0,0,0,0.0,1,0,0.0,0,0.0
005,TOTAL,11,5,1,0,0,10,0,0,0,0,0,0.0,3,0,0.0,19,0.0
"Venezuela, RB",0,0,0,0,0,0,0,0,0,0,0,0,0.0,0,0,0.0,0,
Vietnam,0,0,0,0,0,0,0,0,0,0,0,0,0.0,0,0,0.0,0,
"Yemen, Rep.",0,0,0,0,0,0,0,0,0,0,0,0,0.0,0,0,0.0,0,
znz,0,0,0,0,0,0,0,0,0,0,0,0,0.0,0,0,0.0,0,
